user_id,name,street,city,state,zip_code
1,"Alice Johnson","123 Elm St",Seattle,WA,98101
2,"Bob Smith","456 Oak Dr","San Francisco",CA,94102
3,"Charlie Brown","789 Maple Ave","New York",NY,10001
4,"Daisy Ridley","321 Pine St",Chicago,IL,60601
5,"Leenus Raj","654 Cedar Rd","Los Angeles",CA,90001
6,Sathishan,"987 Spruce Ln",Houston,TX,77001
7,Sreethar,"654 Birch Dr",Phoenix,AZ,85001
8,101.9184@example.com,"321 Aspen St",Philadelphia,PA,19101
9,"Eva Lee","123 Willow Ct","San Antonio",TX,78201
10,"Olivia Brown","987 Elm Dr","San Diego",CA,92101
11,"David Kim","654 Oak Ln",Dallas,TX,75201
12,"Emily Chen","321 Maple Ave","San Jose",CA,95101
13,"Kevin White","987 Pine St",Austin,TX,73301
14,"Sophia Patel","654 Cedar Ct",Jacksonville,FL,32099
15,"Mike Brown","123 Spruce Dr","Fort Worth",TX,76101
16,"Jack Harris","987 Birch Rd",Columbus,OH,43085
17,"Ava Lee","654 Aspen Ln","San Francisco",CA,94101
18,"Liam Kim","321 Willow St",Charlotte,NC,28201
19,"Mia Chen","123 Oak Dr",Indianapolis,IN,46201
20,"Noah White","987 Maple Rd",Seattle,WA,98101
21,"Isabella Patel","654 Pine Ln",Denver,CO,80201
22,"Ethan Brown","321 Cedar St",Washington,DC,20001
23,"Charlotte Harris","123 Spruce Ave",Boston,MA,02101
24,"Abigail Lee","987 Birch Dr","El Paso",TX,79901
25,"Logan Kim","654 Aspen Ct",Nashville,TN,37201
26,"Harper Chen","321 Willow Ln",Detroit,MI,48201
27,"William White","123 Oak St",Portland,OR,97035
28,"Amelia Patel","987 Maple Dr","Oklahoma City",OK,73101
29,"Benjamin Brown","654 Pine St","Las Vegas",NV,88901
30,"Alexander Harris","321 Cedar Ave",Louisville,KY,40201
31,"Aiden Lee","123 Spruce St",Baltimore,MD,21201
32,"Elijah Kim","987 Birch Ct",Milwaukee,WI,53201
33,"Lily Chen","654 Aspen Dr",Albuquerque,NM,87101
34,"Madison White","321 Willow Ave",Tucson,AZ,85701
35,"Jackson Patel","123 Oak Ln",Fresno,CA,93650
36,"Gabriel Brown","987 Maple St",Sacramento,CA,94203
37,"Julian Harris","654 Pine Dr","Kansas City",MO,64101
38,"Sydney Lee","321 Cedar Ln",Mesa,AZ,85201
39,"Caleb Kim","123 Spruce Ct",Atlanta,GA,30301
40,"Riley Chen","987 Birch Ave","Long Beach",CA,90801
41,"Cameron White","654 Aspen St","Colorado Springs",CO,80901
42,"Parker Patel","321 Willow Dr",Raleigh,NC,27601
43,"Cooper Brown","123 Oak St",Miami,FL,33101
44,"Brody Harris","987 Maple Ln",Omaha,NE,68101
45,"Bailey Lee","654 Pine Ct",Oakland,CA,94601
46,"Jaxon Kim","321 Cedar Dr",Minneapolis,MN,55401
47,"Savannah Chen","123 Spruce Ln",Tulsa,OK,74101
48,"Rowan White","987 Birch St",Arlington,TX,76001
49,"River Patel","654 Aspen Ave",Tampa,FL,33601
50,"August Brown","321 Willow Rd","New Orleans",LA,70112
51,"Daniel Hernandez","123 Oak Ave",Wichita,KS,67201
52,"Mia Johnson","987 Maple Ct",Cleveland,OH,44101
53,"Sophia Lee","123 Elm St",Seattle,WA,98101
54,"Liam Smith","456 Oak St",Portland,OR,97201
55,"Olivia Johnson","789 Pine St","San Francisco",CA,94101
56,"Noah Brown","101 Maple St","Los Angeles",CA,90001
57,"Ava Davis","202 Birch St","San Diego",CA,92101
58,"Isabella Martin","303 Cedar St","Las Vegas",NV,89101
59,"Elijah Lee","404 Spruce St",Phoenix,AZ,85001
60,"Charlotte Garcia","505 Fir St",Denver,CO,80201
61,"Amelia Martinez","606 Willow St","Salt Lake City",UT,84101
62,"Lucas Robinson","707 Redwood St",Albuquerque,NM,87101
63,"Mason Clark","808 Aspen St",Tucson,AZ,85701
64,"Harper Rodriguez","909 Poplar St",Boise,ID,83701
65,"Ethan Lewis","101 Redwood St",Helena,MT,59601
66,"Emma Lee","202 Aspen St",Cheyenne,WY,82001
67,"James Walker","303 Maple St",Billings,MT,59101
68,"Benjamin Hall","404 Oak St",Bismarck,ND,58501
69,"Jack Allen","505 Pine St","Sioux Falls",SD,57101
70,"Mia Young","606 Fir St",Lincoln,NE,68501
71,"Henry Scott","707 Willow St","Des Moines",IA,50301
72,"Scarlett Harris","808 Aspen St",Omaha,NE,68101
73,"Alexander Adams","909 Poplar St",Fargo,ND,58102
74,"Aiden Campbell","101 Redwood St",Minneapolis,MN,55401
75,"Sophia Bailey","202 Aspen St",Milwaukee,WI,53201
76,"Ella Carter","303 Maple St",Chicago,IL,60601
77,"Logan Baker","404 Oak St",Indianapolis,IN,46201
78,"Grace Mitchell","505 Pine St",Detroit,MI,48201
79,"Daniel Perez","606 Fir St",Columbus,OH,43201
80,"Mila Brooks","707 Willow St",Cincinnati,OH,45201
81,"Sebastian Flores","808 Aspen St",Cleveland,OH,44101
82,"Zoe Bennett","909 Poplar St",Pittsburgh,PA,15201
83,"Jackson Gray","101 Redwood St",Philadelphia,PA,19019
84,"Natalie Morales","202 Aspen St","New York",NY,10001
85,"Gabriel Sanders","303 Maple St",Boston,MA,02101
86,"Luna Price","404 Oak St",Providence,RI,02901
87,"Matthew Collins","505 Pine St",Hartford,CT,06101
88,"Layla Ward","606 Fir St",Newark,NJ,07101
89,"Isaac Rivera","707 Willow St",Buffalo,NY,14201
90,"Hannah Cooper","808 Aspen St",Baltimore,MD,21201
91,"David Kim","909 Poplar St",Washington,DC,20001
92,"Riley Patterson","101 Redwood St",Richmond,VA,23218
93,"Joseph Morgan","202 Aspen St",Norfolk,VA,23501
94,"Chloe Foster","303 Maple St",Charlotte,NC,28201
95,"Joshua Kelly","404 Oak St",Raleigh,NC,27601
96,"Penelope Richardson","505 Pine St",Atlanta,GA,30301
97,"Levi Howard","606 Fir St",Miami,FL,33101
98,"Zoey Ward","707 Willow St",Tampa,FL,33601
99,"Isaiah Cox","808 Aspen St",Orlando,FL,32801
100,"Samantha Bell","909 Poplar St",Jacksonville,FL,32099
101,"Andrew Rivera","101 Redwood St",Birmingham,AL,35201
102,"Nora Peterson","202 Aspen St",Nashville,TN,37201
103,"Ryan Henderson","303 Maple St",Louisville,KY,40201
104,"Addison Cruz","404 Oak St",Memphis,TN,37501
105,"Carter Griffin","505 Pine St","New Orleans",LA,70112
106,"Lillian Gomez","606 Fir St",Houston,TX,77001
107,"Wyatt Hughes","707 Willow St",Dallas,TX,75201
108,"Aurora Edwards","808 Aspen St",Austin,TX,73301
109,"Dylan Stewart","909 Poplar St","San Antonio",TX,78201
110,"Victoria Rogers","101 Redwood St","El Paso",TX,79901
111,"Luke Murray","202 Aspen St",Albuquerque,NM,87101
112,"Aria Harrison","303 Maple St","Santa Fe",NM,87501
113,"Julian Sanders","404 Oak St","Salt Lake City",UT,84101
114,"Evelyn Bryant","505 Pine St","Las Vegas",NV,89101
115,"Landon Fisher","606 Fir St",Phoenix,AZ,85001
116,"Aubrey Spencer","707 Willow St",Tucson,AZ,85701
117,"Owen Jenkins","808 Aspen St",Helena,MT,59601
118,"Ella Sullivan","909 Poplar St",Billings,MT,59101
119,"Samuel Woods","101 Redwood St",Cheyenne,WY,82001
120,"Zoey Crawford","202 Aspen St",Denver,CO,80201
121,"Eli Rose","303 Maple St",Lincoln,NE,68501
122,"Lily Marshall","404 Oak St",Omaha,NE,68101
123,"Daniel Hayes","505 Pine St","Sioux Falls",SD,57101
124,"Aurora Kelly","606 Fir St",Bismarck,ND,58501
126,"Henry Cook","808 Aspen St",Minneapolis,MN,55401
127,"Scarlett Bell","909 Poplar St","St. Paul",MN,55101
128,"Leo Sanders","101 Redwood St",Milwaukee,WI,53201
129,"Grace Howard","202 Aspen St",Madison,WI,53701
130,"Benjamin Gray","303 Maple St",Chicago,IL,60601
131,"Samantha Jenkins","404 Oak St",Indianapolis,IN,46201
132,"Matthew Murphy","505 Pine St",Detroit,MI,48201
133,"Aubrey Thomas","606 Birch St","Grand Rapids",MI,49501
134,"Levi Walker","707 Chestnut St",Lansing,MI,48901
135,"Aria White","808 Cedar St",Flint,MI,48501
136,"Henry Perez","909 Spruce St",Dearborn,MI,48101
137,"Luna Miller","1010 Pine St","Ann Arbor",MI,48103
138,"Alexander Martin","1111 Maple St","Farmington Hills",MI,48331
139,"Layla Thompson","1212 Oak St",Troy,MI,48007
140,"Lucas Johnson","1313 Birch St",Warren,MI,48088
141,"Stella Brown","1414 Chestnut St","Sterling Heights",MI,48310
142,"Mason Williams","1515 Cedar St",Livonia,MI,48150
143,"Chloe Martinez","1616 Spruce St",Westland,MI,48185
144,"Ethan Anderson","1717 Pine St",Kalamazoo,MI,49001
145,"Ellie Taylor","1818 Maple St","Battle Creek",MI,49014
146,"Michael Harris","1919 Oak St",Muskegon,MI,49440
147,"Hannah Martin","2020 Birch St",Saginaw,MI,48601
148,"Daniel Jackson","2121 Chestnut St","Bay City",MI,48706
149,"Isabella Lee","2222 Cedar St",Jackson,MI,49201
150,"Sophia Garcia","2323 Spruce St",Holland,MI,49423
151,"Elijah Gonzalez","2424 Pine St",Midland,MI,48640
152,"Mila Clark","2525 Maple St","Port Huron",MI,48060
153,"James Martinez","2626 Oak St",Southfield,MI,48033
154,"Emma Rodriguez","2727 Birch St","Rochester Hills",MI,48309
155,"Henry Lewis","2828 Chestnut St",Roseville,MI,48066
156,"Olivia Young","2929 Cedar St","St. Clair Shores",MI,48080
157,"Lucas Hill","3030 Spruce St","Royal Oak",MI,48067
158,"Zoe Scott","3131 Pine St","Madison Heights",MI,48071
159,"Jackson Adams","3232 Maple St","Mount Clemens",MI,48043
160,"Ava Hernandez","3333 Oak St",Pontiac,MI,48340
161,"Noah Green","3434 Birch St",Southgate,MI,48195
162,"Sophia Campbell","3535 Chestnut St",Taylor,MI,48180
163,"Liam Gonzalez","3636 Cedar St",Ypsilanti,MI,48197
164,"Mason Allen","3737 Spruce St","Allen Park",MI,48101
165,"Charlotte Nelson","3838 Pine St","Lincoln Park",MI,48146
166,"Emma Wright","3939 Maple St",Inkster,MI,48141
167,"Jack Baker","4040 Oak St",Romulus,MI,48174
168,"Amelia King","4141 Birch St",Wyandotte,MI,48192
169,"Sophia Davis","4242 Chestnut St",Ecorse,MI,48229
170,"Liam Harris","4343 Cedar St","River Rouge",MI,48218
171,"Olivia Clark","4444 Spruce St",Hamtramck,MI,48212
172,"Noah Lewis","4545 Pine St","Highland Park",MI,48203
173,"Ava Robinson","4646 Maple St",Ferndale,MI,48220
174,"Mason Martinez","4747 Oak St","Hazel Park",MI,48030
175,"Sophia Anderson","4848 Birch St",Clawson,MI,48017
176,"Jackson Harris","4949 Chestnut St",Birmingham,MI,48009
177,"Zoe Thompson","5050 Cedar St","Bloomfield Hills",MI,48301
178,"Ava Scott","5151 Spruce St",Franklin,MI,48025
179,"Mason Green","5252 Pine St","Huntington Woods",MI,48070
180,"Sophia Baker","5353 Maple St","Lathrup Village",MI,48076
181,"Liam Campbell","5454 Oak St","Pleasant Ridge",MI,48069
182,"Emma Gonzalez","5555 Birch St",Berkley,MI,48072
183,"Noah Allen","5656 Chestnut St","Beverly Hills",MI,48025
184,"Charlotte Wright","5757 Cedar St","South Lyon",MI,48178
185,"Ava Hill","5858 Spruce St",Northville,MI,48167
186,"Jack Adams","5959 Pine St",Farmington,MI,48336
187,"Sophia Nelson","6060 Maple St",Brighton,MI,48116
188,"Liam Hernandez","6161 Oak St",Howell,MI,48843
189,"Olivia Green","6262 Birch St",Fenton,MI,48430
190,"Noah Campbell","6363 Chestnut St",Holly,MI,48442
191,"Emma Gonzalez","6464 Cedar St","Grand Blanc",MI,48439
192,"Mason Allen","6565 Spruce St",Flushing,MI,48433
193,"Sophia Nelson","6666 Pine St",Durand,MI,48429
194,"Jackson Adams","6767 Maple St",Owosso,MI,48867
195,"Zoe Thompson","6868 Oak St",Perry,MI,48872
196,"Emma Wright","6969 Birch St",Williamston,MI,48895
197,"Jack Baker","7070 Chestnut St",Mason,MI,48854
198,"Amelia King","7171 Cedar St",Charlotte,MI,48813
199,"Sophia Davis","7272 Spruce St","Eaton Rapids",MI,48827
200,"Liam Harris","7373 Pine St","Grand Ledge",MI,48837
201,"Olivia Clark","7474 Maple St",Portland,MI,48875
202,"Noah Lewis","7575 Birch St",Lansing,MI,48911
203,"Ava Robinson","7676 Chestnut St","East Lansing",MI,48823
204,"Mason Martinez","7777 Cedar St",Okemos,MI,48864
205,"Sophia Anderson","7878 Spruce St",Holt,MI,48842
206,"Jackson Harris","7979 Pine St",Mason,MI,48854
207,"Zoe Thompson","8080 Maple St",Haslett,MI,48840
208,"Ava Scott","8181 Oak St",Williamston,MI,48895
209,"Mason Green","8282 Birch St",DeWitt,MI,48820
210,"Sophia Baker","8383 Chestnut St","Grand Ledge",MI,48837
211,"Liam Campbell","8484 Cedar St",Charlotte,MI,48813
212,"Emma Gonzalez","8585 Spruce St",Waverly,MI,48917
213,"Noah Allen","8686 Pine St",Flint,MI,48503
214,"Charlotte Wright","8787 Maple St",Burton,MI,48509
215,"Ava Hill","8888 Oak St","Grand Blanc",MI,48439
216,"Jack Adams","8989 Birch St",Fenton,MI,48430
217,"Sophia Nelson","9090 Chestnut St",Holly,MI,48442
218,"Liam Hernandez","9191 Cedar St",Linden,MI,48451
219,"Olivia Green","9292 Spruce St","Swartz Creek",MI,48473
220,"Noah Campbell","9393 Pine St",Davison,MI,48423
221,"Emma Gonzalez","9494 Maple St",Lapeer,MI,48446
222,"Mason Allen","9595 Oak St",Clio,MI,48420
223,"Sophia Anderson","9696 Birch St",Owosso,MI,48867
224,"Jackson Adams","9797 Chestnut St",Chesaning,MI,48616
225,"Zoe Thompson","9898 Cedar St",Corunna,MI,48817
226,"Ava Scott","9999 Spruce St",Durand,MI,48429
227,"Mason Green","1010 Pine St",Byron,MI,48418
228,"Sophia Baker","1020 Maple St",Perry,MI,48872
229,"Liam Campbell","1030 Oak St",Laingsburg,MI,48848
230,"Emma Gonzalez","1040 Birch St",Bath,MI,48808
231,"Noah Allen","1050 Chestnut St","St. Johns",MI,48879
232,"Charlotte Wright","1060 Cedar St",Fowler,MI,48835
233,"Ava Hill","1070 Spruce St",DeWitt,MI,48820
234,"Jack Adams","1080 Pine St",Lansing,MI,48910
235,"Sophia Nelson","1090 Maple St","East Lansing",MI,48823
236,"Liam Hernandez","1100 Oak St",Haslett,MI,48840
237,"Olivia Green","1110 Birch St",Williamston,MI,48895
238,"Noah Campbell","1120 Chestnut St",Okemos,MI,48864
239,"Emma Gonzalez","1130 Cedar St",Mason,MI,48854
240,"Mason Allen","1140 Spruce St",Holt,MI,48842
241,"Sophia Nelson","1150 Pine St","Grand Ledge",MI,48837
242,"Jackson Adams","1160 Maple St",Charlotte,MI,48813
243,"Zoe Thompson","1170 Oak St",Waverly,MI,48917
244,"Ava Scott","1180 Birch St",Flint,MI,48503
245,"Mason Green","1190 Chestnut St",Burton,MI,48509
246,"Sophia Baker","1200 Cedar St","Grand Blanc",MI,48439
247,"Liam Campbell","1210 Spruce St",Fenton,MI,48430
248,"Emma Gonzalez","1220 Pine St",Holly,MI,48442
249,"Noah Allen","1230 Maple St",Linden,MI,48451
250,"Charlotte Wright","1240 Oak St","Swartz Creek",MI,48473
251,"Ava Hill","1250 Birch St",Davison,MI,48423
252,"Jack Adams","1260 Chestnut St",Lapeer,MI,48446
253,"Sophia Nelson","1270 Cedar St",Clio,MI,48420
